Supplier,Product,City
"Bowers and Sons","Believe National Put Pro","Port Harcourt"
"Brown Group","Catch Shoulder Least A Eco","Port Harcourt"
"Brown Group","Dinner Baby Him Pro","Port Harcourt"
"Fitzpatrick Ltd","You Bad 600","Port Harcourt"
"Fitzpatrick Ltd","Your Provide Yourself Basic","Port Harcourt"
Lopez-Jones,"Then Purpose Same Well Deluxe","Port Harcourt"
Mata-Hill,"Final Sell Father Plus","Port Harcourt"
Mata-Hill,"White Boy Card Sit 987","Port Harcourt"
Mata-Hill,"Avoid Perform Hand 833","Port Harcourt"
Nguyen-Matthews,"Carved Section Bank 422","Port Harcourt"
"Parks, Gomez and Lowery","Anyone Body Last Pro","Port Harcourt"
Reyes-Ochoa,"Drive Agent One Assume Plus","Port Harcourt"
Reyes-Ochoa,"Adire Tv From Total Pro","Port Harcourt"
